{
	"info": {
		"_postman_id": "fe579345-d97a-4732-a41d-438b3596ece5",
		"name": "UMS",
		"schema": "https://schema.getpostman.com/json/collection/v2.1.0/collection.json"
	},
	"item": [
		{
			"name": "Get All Users",
			"protocolProfileBehavior": {
				"disableBodyPruning": true
			},
			"request": {
				"method": "GET",
				"header": [],
				"body": {
					"mode": "raw",
					"raw": "",
					"options": {
						"raw": {
							"language": "json"
						}
					}
				},
				"url": {
					"raw": "localhost:9000/users",
					"host": [
						"localhost"
					],
					"port": "9000",
					"path": [
						"users"
					]
				}
			},
			"response": []
		},
		{
			"name": "Get User By ID",
			"protocolProfileBehavior": {
				"disableBodyPruning": true
			},
			"request": {
				"method": "GET",
				"header": [],
				"body": {
					"mode": "raw",
					"raw": "",
					"options": {
						"raw": {
							"language": "json"
						}
					}
				},
				"url": {
					"raw": "localhost:9000/users/user/6e27ea06-a716-4c89-af88-813749a8bd48",
					"host": [
						"localhost"
					],
					"port": "9000",
					"path": [
						"users",
						"user",
						"6e27ea06-a716-4c89-af88-813749a8bd48"
					]
				}
			},
			"response": []
		},
		{
			"name": "Get All Roles",
			"protocolProfileBehavior": {
				"disableBodyPruning": true
			},
			"request": {
				"method": "GET",
				"header": [],
				"body": {
					"mode": "raw",
					"raw": "",
					"options": {
						"raw": {
							"language": "json"
						}
					}
				},
				"url": {
					"raw": "localhost:9000/roles",
					"host": [
						"localhost"
					],
					"port": "9000",
					"path": [
						"roles"
					]
				}
			},
			"response": []
		},
		{
			"name": "Add New User",
			"request": {
				"method": "POST",
				"header": [],
				"body": {
					"mode": "raw",
					"raw": "{\n    \"name\": \"Eugene Zimin\",\n    \"email\": \"eugene@zimin.world\",\n    \"password\": \"password\",\n    \"roles\": [\n        {\n            \"role\": \"SUBSCRIBER\",\n            \"description\": \"Message content consumer\"\n        },\n        {\n            \"role\": \"PRODUCER\",\n            \"description\": \"Message content producer\"\n        }\n    ]\n}",
					"options": {
						"raw": {
							"language": "json"
						}
					}
				},
				"url": {
					"raw": "localhost:9000/users/user",
					"host": [
						"localhost"
					],
					"port": "9000",
					"path": [
						"users",
						"user"
					]
				}
			},
			"response": []
		},
		{
			"name": "Delete User",
			"request": {
				"method": "DELETE",
				"header": [],
				"url": {
					"raw": "localhost:9000/users/user/52bb68f9-7cf6-46c5-9105-00d77638a840",
					"host": [
						"localhost"
					],
					"port": "9000",
					"path": [
						"users",
						"user",
						"52bb68f9-7cf6-46c5-9105-00d77638a840"
					]
				}
			},
			"response": []
		}
	],
	"protocolProfileBehavior": {}
}